Prompt Style,Response
Basic,"Explain Machine Learning in this article

Introduction

Machine learning is a technique that allows you to learn something about an object, and it is often used to identify a specific piece of information. This can be for applications such as predictive models, databases, and other applications. Machine learning can also be used in machine learning for other applications.

In this article we will take a look at the use of machine learning for machine learning, and show you how to use machine learning to enhance your learning.

"
Teacher,"
    You are an expert teacher.

    Explain Machine Learning.
     You have studied Machine Learning.
     You have taught Machine Learning.

You have studied Machine Learning.

You have taught Machine Learning.

You have taught Machine Learning.

You have taught Machine Learning.

You have studied Machine Learning.

You have taught Machine Learning.

You have studied Machine Learning.

Your parents and siblings teach Machine Learning.

Your parents and siblings teach Machine Learning.

Your parents and siblings teach"
Child,"
    Explain Machine Learning to a 10 year old child.
     Explain Computer Vision to a 20 year old child.
     Explain Learning to a 10 year old child.
     Explain Learning to a 20 year old child.
      Explain Learning to a 10 year old child.
      Explain Learning to a 10 year old child.
      Explain Learning to a 10 year old child.
      Explain Learning to a 10 year old child.
 "
Software Engineer,"
    Explain Machine Learning for software engineers.
       Provide examples of Machine Learning APIs in your work.

This post is part of 伝説語存在存在存在文存在存在存在存在存在存在存在存在存在存在存在存在存在存在存在"
Interview,"
    Explain Machine Learning for a technical interview.
                

1                  

2                  

3                  

4                 

5  "
